{"stats":{"minecraft:picked_up":{"minecraft:ladder":11,"byg:purple_amaranth":3,"projectvibrantjourneys:bark_mushroom":1,"byg:delphinium":1,"minecraft:oak_log":4,"minecraft:dirt":16,"minecraft:stone_sword":1,"minecraft:wheat_seeds":1,"minecraft:beef":3,"minecraft:bamboo":79,"minecraft:melon_slice":10},"minecraft:killed_by":{"minecraft:skeleton":4,"minecraft:creeper":1},"minecraft:crafted":{"minecraft:oak_planks":16},"minecraft:killed":{"dungeonsmod:rogue":1,"minecraft:zombie":1,"minecraft:cow":2},"minecraft:mined":{"minecraft:podzol":1,"byg:short_grass":1,"projectvibrantjourneys:bark_mushroom":1,"treechop:chopped_log":15,"projectvibrantjourneys:rocks":2,"minecraft:bee_nest":1,"minecraft:ladder":11,"minecraft:grass":11,"minecraft:grass_block":14,"minecraft:melon":2,"minecraft:oak_log":6,"projectvibrantjourneys:short_grass":1,"minecraft:dirt":3,"minecraft:bamboo":3},"minecraft:custom":{"minecraft:time_since_rest":160,"minecraft:sprint_one_cm":93767,"minecraft:damage_taken":1506,"minecraft:walk_one_cm":68332,"minecraft:mob_kills":4,"minecraft:damage_dealt":671,"minecraft:swim_one_cm":19952,"minecraft:fly_one_cm":154097,"minecraft:open_chest":4,"minecraft:crouch_one_cm":263,"minecraft:play_one_minute":32484,"minecraft:deaths":6,"minecraft:sneak_time":411,"minecraft:walk_under_water_one_cm":3198,"minecraft:jump":800,"minecraft:leave_game":1,"minecraft:walk_on_water_one_cm":10463,"minecraft:time_since_death":128,"minecraft:climb_one_cm":11216,"minecraft:fall_one_cm":27407},"minecraft:used":{"minecraft:stone_sword":11,"minecraft:melon_slice":8,"minecraft:ladder":5,"minecraft:oak_planks":9,"minecraft:dirt":16,"minecraft:beef":2}},"DataVersion":2586}